{"model": "AdaBoost Classifier", "learning_rate": 0.01, "n_estimators": 300, "accuracy": 0.933848433530906, "precision": [0.9282108389012621, 0.9326773455377574, 0.9749190938511327, 0.0, 0.0], "recall": [0.9074611699811294, 0.9951169490697788, 0.6891621389762653, 0.0, 0.0], "F1_score": [0.9177187316500294, 0.9628859647050486, 0.8075054447981236, 0.0, 0.0], "class_names": ["dos", "normal", "probe", "r2l", "u2r"]}