{"model": "Bernoulli Naive Bayes", "accuracy": 0.8218141405588484, "precision": [0.9801286903860712, 0.8915708629490053, 0.32407709898725906, 0.24242424242424243, 0.136986301369863], "recall": [0.7517781971258528, 0.9126422188583427, 0.567343437231913, 0.64, 0.7692307692307693], "F1_score": [0.8508995317505956, 0.9019834950050674, 0.4125168936479884, 0.3516483516483516, 0.23255813953488372], "class_names": ["dos", "normal", "probe", "r2l", "u2r"]}