{"model": "Gaussian Naive Bayes", "accuracy": 0.5163791278577476, "precision": [0.5972763537988903, 0.9125780553077609, 0.4697558268590455, 0.005241839409101739, 0.009876543209876543], "recall": [0.9454202351574975, 0.14986083304848868, 0.9682585072919645, 0.88, 0.9230769230769231], "F1_score": [0.7320650799449236, 0.2574448452311047, 0.6326015880429706, 0.010421601136901942, 0.01954397394136808], "class_names": ["dos", "normal", "probe", "r2l", "u2r"]}