{"model": "Gradient Boosting", "random_state": 42, "n_estimators": 200, "max_leaf_nodes": 24, "learning_rate": 0.05, "accuracy": 0.9974068585944115, "precision": [0.9997822615764261, 0.9979966774162025, 0.993974175035868, 0.4583333333333333, 0.5333333333333333], "recall": [0.9997822615764261, 0.9973631524976806, 0.9905633400057192, 0.88, 0.6153846153846154], "F1_score": [0.9997822615764261, 0.9976798143851507, 0.9922658264107707, 0.6027397260273972, 0.5714285714285715], "class_names": ["dos", "normal", "probe", "r2l", "u2r"]}