{"model": "Random Forest", "n_estimators": 300, "criterion": "log_loss", "max_depth": 20, "bootstrap": false, "accuracy": 0.999126799322608, "precision": [0.9997822615764261, 0.9988290398126464, 0.9982808022922636, 1.0, 1.0], "recall": [0.9997822615764261, 0.9996581864348845, 0.9962825278810409, 0.8, 0.6153846153846154], "F1_score": [0.9997822615764261, 0.9992434411226356, 0.9972806640904536, 0.888888888888889, 0.761904761904762], "class_names": ["dos", "normal", "probe", "r2l", "u2r"]}