{"model": "Support Vector Classifier", "kernel": "rbf", "accuracy": 0.9943109652836579, "precision": [0.998547039593171, 0.9941968204427972, 0.9783166904422254, 1.0, 1.0], "recall": [0.997604877340688, 0.9955075931441965, 0.9805547612239062, 0.56, 0.15384615384615385], "F1_score": [0.9980757361217005, 0.9948517750396486, 0.9794344473007712, 0.717948717948718, 0.2666666666666667], "class_names": ["dos", "normal", "probe", "r2l", "u2r"]}