{"model": "XGBoost", "accuracy": 0.9991797205757832, "precision": [0.9997097242380262, 0.9989751598262652, 0.9988541965052994, 0.9545454545454546, 0.875], "recall": [0.9998548410509508, 0.99956052541628, 0.9971404060623391, 0.84, 0.5384615384615384], "F1_score": [0.9997822773786198, 0.9992677568952892, 0.9979965655409273, 0.8936170212765958, 0.6666666666666667], "class_names": ["dos", "normal", "probe", "r2l", "u2r"]}